{
  "models": [
    "catboost",
    "lightgbm",
    "xgboost"
  ],
  "coef": [
    0.6527655736980615,
    0.6007308900399251,
    -0.15810696314846917
  ],
  "intercept": -9.8375616817966
}