{
  "random_forest": {
    "RMSE": 31.07504846710828,
    "MAE": 27.842573619631903,
    "R\u00b2": -0.039202349258194324,
    "MAPE (%)": 0.278111549197852
  },
  "linear_regression": {
    "RMSE": 39.44527519275232,
    "MAE": 32.56245996461432,
    "R\u00b2": -0.6744279744225354,
    "MAPE (%)": 0.2922949056766951
  },
  "ridge": {
    "RMSE": 36.268512599738465,
    "MAE": 28.42844476191,
    "R\u00b2": -0.415585093903428,
    "MAPE (%)": 0.29930120794201187
  },
  "lasso": {
    "RMSE": 35.60397120735803,
    "MAE": 28.56127056112994,
    "R\u00b2": -0.36418532323787556,
    "MAPE (%)": 0.2830243808883632
  },
  "svr": {
    "RMSE": 29.022154871079035,
    "MAE": 25.54374768408272,
    "R\u00b2": 0.0935668062052677,
    "MAPE (%)": 0.2602907113627297
  },
  "knn": {
    "RMSE": 35.303983350948066,
    "MAE": 28.725745581102746,
    "R\u00b2": -0.3412937773004965,
    "MAPE (%)": 0.243519948533834
  },
  "decision_tree": {
    "RMSE": 36.45858370673922,
    "MAE": 29.45138888888889,
    "R\u00b2": -0.43046118547137935,
    "MAPE (%)": 0.2886404079244852
  },
  "lightgbm": {
    "RMSE": 31.638837628834963,
    "MAE": 27.738111677198972,
    "R\u00b2": -0.07725254770412482,
    "MAPE (%)": 0.2850425135371611
  },
  "xgboost": {
    "RMSE": 31.293981756936997,
    "MAE": 27.869042905561763,
    "R\u00b2": -0.053896932887237625,
    "MAPE (%)": 0.2836112625812345
  },
  "catboost": {
    "RMSE": 30.60811014254752,
    "MAE": 27.287086217808188,
    "R\u00b2": -0.008206565976794922,
    "MAPE (%)": 0.2663660427014445
  }
}