{
  "random_forest":{
    "RMSE":31.0750484671,
    "MAE":27.8425736196,
    "R\u00b2":-0.0392023493,
    "MAPE (%)":0.2781115492
  },
  "gradient_boosting":{
    "RMSE":34.7522093964,
    "MAE":30.243238837,
    "R\u00b2":-0.2996946501,
    "MAPE (%)":0.3277359565
  },
  "linear_regression":{
    "RMSE":39.4452751928,
    "MAE":32.5624599646,
    "R\u00b2":-0.6744279744,
    "MAPE (%)":0.2922949057
  },
  "ridge":{
    "RMSE":36.2685125997,
    "MAE":28.4284447619,
    "R\u00b2":-0.4155850939,
    "MAPE (%)":0.2993012079
  },
  "lasso":{
    "RMSE":35.6039712074,
    "MAE":28.5612705611,
    "R\u00b2":-0.3641853232,
    "MAPE (%)":0.2830243809
  },
  "svr":{
    "RMSE":29.0221548711,
    "MAE":25.5437476841,
    "R\u00b2":0.0935668062,
    "MAPE (%)":0.2602907114
  },
  "knn":{
    "RMSE":35.3039833509,
    "MAE":28.7257455811,
    "R\u00b2":-0.3412937773,
    "MAPE (%)":0.2435199485
  },
  "decision_tree":{
    "RMSE":36.4585837067,
    "MAE":29.4513888889,
    "R\u00b2":-0.4304611855,
    "MAPE (%)":0.2886404079
  },
  "lightgbm":{
    "RMSE":31.6388376288,
    "MAE":27.7381116772,
    "R\u00b2":-0.0772525477,
    "MAPE (%)":0.2850425135
  },
  "xgboost":{
    "RMSE":31.2939817569,
    "MAE":27.8690429056,
    "R\u00b2":-0.0538969329,
    "MAPE (%)":0.2836112626
  },
  "catboost":{
    "RMSE":30.6081101425,
    "MAE":27.2870862178,
    "R\u00b2":-0.008206566,
    "MAPE (%)":0.2663660427
  },
  "blended_ensemble":{
    "RMSE":32.4917645406,
    "MAE":28.0414709613,
    "R\u00b2":-0.1361170703,
    "MAPE (%)":0.2566188791
  }
}