Model,RMSE,MAE,R2
catboost_24h_finetuned,20.678339236455894,16.789774816911958,0.4073844414530241
tcn_48h_finetuned,30.945018617640123,26.84667205810547,-0.3833719491958618
tcn_72h_finetuned,35.54942298560379,31.02237892150879,-0.8592571020126343
