Model,RMSE,MAE,R2
catboost_24h_finetuned,19.01941743149225,15.710426220940963,0.48547845388844824
tcn_48h_finetuned,27.46391786814053,24.226152420043945,-0.12143135070800781
tcn_72h_finetuned,28.67966302607237,25.47164535522461,-0.20842599868774414
