Model,RMSE,MAE,R2
catboost_24h_finetuned,20.085759803975893,16.849491016609793,0.418227891356201
tcn_48h_finetuned,30.50063635990854,26.97917366027832,-0.36092376708984375
tcn_72h_finetuned,29.640770171297106,26.377965927124023,-0.2682305574417114
