Model,RMSE,MAE,R2
catboost_24h_finetuned,19.153875672229546,15.6696975299115,0.48428202142367094
tcn_48h_finetuned,28.331406232334505,25.044837951660156,-0.2033374309539795
tcn_72h_finetuned,29.043012619755032,25.857046127319336,-0.23614704608917236
