Model,RMSE,MAE,R2
catboost_24h_finetuned,19.948358152159415,16.17849785317511,0.43679350100586645
tcn_48h_finetuned,28.20402850872715,24.93242835998535,-0.22547483444213867
tcn_72h_finetuned,30.39898764279875,27.23871612548828,-0.3045419454574585
