Model,RMSE,MAE,R2
catboost_24h_finetuned,18.925722520267996,15.305998284392443,0.4876521328261849
tcn_48h_finetuned,29.432128416162307,25.985116958618164,-0.2615777254104614
tcn_72h_finetuned,29.63338715498692,26.502840042114258,-0.2848834991455078
