{
  "catboost_24h_finetuned": {
    "RMSE": 19.153875672229546,
    "MAE": 15.6696975299115,
    "R2": 0.48428202142367094
  },
  "tcn_48h_finetuned": {
    "RMSE": 28.331406232334505,
    "MAE": 25.044837951660156,
    "R2": -0.2033374309539795
  },
  "tcn_72h_finetuned": {
    "RMSE": 29.043012619755032,
    "MAE": 25.857046127319336,
    "R2": -0.23614704608917236
  }
}