Model,RMSE,MAE,R2
catboost_24h_finetuned,19.209794061209145,15.308526422462034,0.47199877372861887
tcn_48h_finetuned,27.247977365445173,23.71525764465332,-0.09888660907745361
tcn_72h_finetuned,28.805711985103752,25.63340187072754,-0.20969247817993164
