Model,RMSE,MAE,R2
catboost_24h_finetuned,21.640346117247475,18.552048643466737,0.348187972049283
tcn_48h_finetuned,30.852735638622367,27.548736572265625,-0.4679046869277954
tcn_72h_finetuned,32.77880524427618,29.437164306640625,-0.49508392810821533
