Model,RMSE,MAE,R2
catboost_24h_finetuned,19.660145919970326,16.088215977049412,0.45066527160478065
tcn_48h_finetuned,28.81053727554328,25.544099807739258,-0.215204119682312
tcn_72h_finetuned,29.357642187089144,26.22652244567871,-0.2759547233581543
