Model,RMSE,MAE,R2
catboost_24h_finetuned,19.48643203243118,15.734769345639801,0.4533541716005285
tcn_48h_finetuned,27.52945089361403,24.30653953552246,-0.11549234390258789
tcn_72h_finetuned,28.38572832875539,25.220661163330078,-0.16667425632476807
