{
  "catboost_24h_finetuned": {
    "RMSE": 22.79749974282072,
    "MAE": 19.811457206547576,
    "R2": 0.40746355152757563
  },
  "tcn_48h_finetuned": {
    "RMSE": 33.00860853330064,
    "MAE": 29.774707794189453,
    "R2": -0.5357873439788818
  },
  "tcn_72h_finetuned": {
    "RMSE": 30.98250750801773,
    "MAE": 28.30231475830078,
    "R2": -0.2814316749572754
  }
}