Model,RMSE,MAE,R2
catboost_24h_finetuned,23.050904440178318,19.686089367959735,0.4286761033513764
tcn_48h_finetuned,34.70582638067598,31.26256561279297,-0.980499267578125
tcn_72h_finetuned,34.83133537245055,31.06032371520996,-1.0178775787353516
