{
  "catboost_24h_finetuned": {
    "RMSE": 20.085759803975893,
    "MAE": 16.849491016609793,
    "R2": 0.418227891356201
  },
  "tcn_48h_finetuned": {
    "RMSE": 30.50063635990854,
    "MAE": 26.97917366027832,
    "R2": -0.36092376708984375
  },
  "tcn_72h_finetuned": {
    "RMSE": 29.640770171297106,
    "MAE": 26.377965927124023,
    "R2": -0.2682305574417114
  }
}