{
  "catboost_24h_finetuned": {
    "RMSE": 23.050904440178318,
    "MAE": 19.686089367959735,
    "R2": 0.4286761033513764
  },
  "tcn_48h_finetuned": {
    "RMSE": 34.70582638067598,
    "MAE": 31.26256561279297,
    "R2": -0.980499267578125
  },
  "tcn_72h_finetuned": {
    "RMSE": 34.83133537245055,
    "MAE": 31.06032371520996,
    "R2": -1.0178775787353516
  }
}