{
  "catboost_24h_finetuned": {
    "RMSE": 18.925722520267996,
    "MAE": 15.305998284392443,
    "R2": 0.4876521328261849
  },
  "tcn_48h_finetuned": {
    "RMSE": 29.432128416162307,
    "MAE": 25.985116958618164,
    "R2": -0.2615777254104614
  },
  "tcn_72h_finetuned": {
    "RMSE": 29.63338715498692,
    "MAE": 26.502840042114258,
    "R2": -0.2848834991455078
  }
}