Model,RMSE,MAE,R2
catboost_24h_finetuned,19.361350491628993,15.676038354839022,0.4733582811425484
tcn_48h_finetuned,28.250815590757178,25.03666877746582,-0.2156151533126831
tcn_72h_finetuned,29.765671136775268,26.538267135620117,-0.2745765447616577
