{
  "catboost_24h_finetuned": {
    "RMSE": 19.660145919970326,
    "MAE": 16.088215977049412,
    "R2": 0.45066527160478065
  },
  "tcn_48h_finetuned": {
    "RMSE": 28.81053727554328,
    "MAE": 25.544099807739258,
    "R2": -0.215204119682312
  },
  "tcn_72h_finetuned": {
    "RMSE": 29.357642187089144,
    "MAE": 26.22652244567871,
    "R2": -0.2759547233581543
  }
}