{
  "catboost_24h_finetuned": {
    "RMSE": 19.45965553499653,
    "MAE": 16.173159113181313,
    "R2": 0.4728605116449698
  },
  "tcn_48h_finetuned": {
    "RMSE": 28.35458056063484,
    "MAE": 25.172941207885742,
    "R2": -0.1817992925643921
  },
  "tcn_72h_finetuned": {
    "RMSE": 32.74808781989225,
    "MAE": 28.675525665283203,
    "R2": -0.5891621112823486
  }
}