{
  "catboost_24h_finetuned": {
    "RMSE": 19.48643203243118,
    "MAE": 15.734769345639801,
    "R2": 0.4533541716005285
  },
  "tcn_48h_finetuned": {
    "RMSE": 27.52945089361403,
    "MAE": 24.30653953552246,
    "R2": -0.11549234390258789
  },
  "tcn_72h_finetuned": {
    "RMSE": 28.38572832875539,
    "MAE": 25.220661163330078,
    "R2": -0.16667425632476807
  }
}