{
  "catboost_24h_finetuned": {
    "RMSE": 21.640346117247475,
    "MAE": 18.552048643466737,
    "R2": 0.348187972049283
  },
  "tcn_48h_finetuned": {
    "RMSE": 30.852735638622367,
    "MAE": 27.548736572265625,
    "R2": -0.4679046869277954
  },
  "tcn_72h_finetuned": {
    "RMSE": 32.77880524427618,
    "MAE": 29.437164306640625,
    "R2": -0.49508392810821533
  }
}