Model,RMSE,MAE,R2
catboost_24h_finetuned,18.14894303744793,14.555042146475605,0.5273447404927747
tcn_48h_finetuned,28.350305238725497,25.338150024414062,-0.17018640041351318
tcn_72h_finetuned,29.783144655432313,26.832481384277344,-0.28673529624938965
