Model,RMSE,MAE,R2
catboost_24h_finetuned,24.190771983655793,20.5953330784621,0.34145323907931635
tcn_48h_finetuned,31.204773914243674,26.903846740722656,-0.6677565574645996
tcn_72h_finetuned,33.75801409480422,29.097564697265625,-0.8206039667129517
