Model,RMSE,MAE,R2
catboost_24h_finetuned,22.79749974282072,19.811457206547576,0.40746355152757563
tcn_48h_finetuned,33.00860853330064,29.774707794189453,-0.5357873439788818
tcn_72h_finetuned,30.98250750801773,28.30231475830078,-0.2814316749572754
