Model,RMSE,MAE,R2
catboost_24h_finetuned,18.833037481064558,16.022373231330977,0.5084491186494243
tcn_48h_finetuned,29.673415655763115,26.16021728515625,-0.2569911479949951
tcn_72h_finetuned,29.385977004878534,25.494016647338867,-0.2618361711502075
