{
  "catboost_24h_finetuned": {
    "RMSE": 22.639309801625323,
    "MAE": 19.356125394805275,
    "R2": 0.41852183330634374
  },
  "tcn_48h_finetuned": {
    "RMSE": 30.513118736685414,
    "MAE": 26.551395416259766,
    "R2": -0.21880316734313965
  },
  "tcn_72h_finetuned": {
    "RMSE": 34.26994066244954,
    "MAE": 30.567834854125977,
    "R2": -0.44939136505126953
  }
}