{
  "catboost_24h_finetuned": {
    "RMSE": 19.405776603019277,
    "MAE": 15.830781222981999,
    "R2": 0.4704554833001875
  },
  "tcn_48h_finetuned": {
    "RMSE": 29.99791354235376,
    "MAE": 25.72272491455078,
    "R2": -0.3391721248626709
  },
  "tcn_72h_finetuned": {
    "RMSE": 31.469937950827077,
    "MAE": 27.51534080505371,
    "R2": -0.46796560287475586
  }
}