{
  "catboost_24h_finetuned": {
    "RMSE": 19.209794061209145,
    "MAE": 15.308526422462034,
    "R2": 0.47199877372861887
  },
  "tcn_48h_finetuned": {
    "RMSE": 27.247977365445173,
    "MAE": 23.71525764465332,
    "R2": -0.09888660907745361
  },
  "tcn_72h_finetuned": {
    "RMSE": 28.805711985103752,
    "MAE": 25.63340187072754,
    "R2": -0.20969247817993164
  }
}