{
  "catboost_24h_finetuned": {
    "RMSE": 22.104704348297552,
    "MAE": 18.78430553610931,
    "R2": 0.4445272293675927
  },
  "tcn_48h_finetuned": {
    "RMSE": 32.18785459452738,
    "MAE": 28.26759147644043,
    "R2": -0.4222780466079712
  },
  "tcn_72h_finetuned": {
    "RMSE": 31.349282716761937,
    "MAE": 27.96895408630371,
    "R2": -0.2669283151626587
  }
}