{
  "catboost_24h_finetuned": {
    "RMSE": 22.17578754031944,
    "MAE": 18.831604033597248,
    "R2": 0.45452449346763024
  }
}