Model,RMSE,MAE,R2
catboost_24h_finetuned,22.17578754031944,18.831604033597248,0.45452449346763024
tcn_48h_finetuned,34.14200869621616,30.01576042175293,-0.262994647026062
tcn_72h_finetuned,32.15009393515146,28.45162010192871,-0.1508427858352661
