Model,RMSE,MAE,R2
catboost_24h_finetuned,22.17578754031944,18.831604033597248,0.45452449346763024
