Model,RMSE,MAE,R2
catboost_24h_finetuned,22.639309801625323,19.356125394805275,0.41852183330634374
tcn_48h_finetuned,30.513118736685414,26.551395416259766,-0.21880316734313965
tcn_72h_finetuned,34.26994066244954,30.567834854125977,-0.44939136505126953
