{
  "catboost_24h_finetuned": {
    "RMSE": 20.678339236455894,
    "MAE": 16.789774816911958,
    "R2": 0.4073844414530241
  },
  "tcn_48h_finetuned": {
    "RMSE": 30.945018617640123,
    "MAE": 26.84667205810547,
    "R2": -0.3833719491958618
  },
  "tcn_72h_finetuned": {
    "RMSE": 35.54942298560379,
    "MAE": 31.02237892150879,
    "R2": -0.8592571020126343
  }
}