{
  "catboost_24h_finetuned": {
    "RMSE": 19.361350491628993,
    "MAE": 15.676038354839022,
    "R2": 0.4733582811425484
  },
  "tcn_48h_finetuned": {
    "RMSE": 28.250815590757178,
    "MAE": 25.03666877746582,
    "R2": -0.2156151533126831
  },
  "tcn_72h_finetuned": {
    "RMSE": 29.765671136775268,
    "MAE": 26.538267135620117,
    "R2": -0.2745765447616577
  }
}