Model,RMSE,MAE,R2
catboost_24h_finetuned,22.104704348297552,18.78430553610931,0.4445272293675927
tcn_48h_finetuned,32.18785459452738,28.26759147644043,-0.4222780466079712
tcn_72h_finetuned,31.349282716761937,27.96895408630371,-0.2669283151626587
