{
  "catboost_24h_finetuned": {
    "RMSE": 18.833037481064558,
    "MAE": 16.022373231330977,
    "R2": 0.5084491186494243
  },
  "tcn_48h_finetuned": {
    "RMSE": 29.673415655763115,
    "MAE": 26.16021728515625,
    "R2": -0.2569911479949951
  },
  "tcn_72h_finetuned": {
    "RMSE": 29.385977004878534,
    "MAE": 25.494016647338867,
    "R2": -0.2618361711502075
  }
}