Model,RMSE,MAE,R2
catboost_24h_finetuned,19.864983497665524,15.947182407278078,0.4428349318334366
tcn_48h_finetuned,28.19987212889338,25.010663986206055,-0.1722177267074585
tcn_72h_finetuned,30.461665843113373,26.828746795654297,-0.3698083162307739
