Model,RMSE,MAE,R2
catboost_24h_finetuned,19.405776603019277,15.830781222981999,0.4704554833001875
tcn_48h_finetuned,29.99791354235376,25.72272491455078,-0.3391721248626709
tcn_72h_finetuned,31.469937950827077,27.51534080505371,-0.46796560287475586
