Model,RMSE,MAE,R2
catboost_24h_finetuned,19.45965553499653,16.173159113181313,0.4728605116449698
tcn_48h_finetuned,28.35458056063484,25.172941207885742,-0.1817992925643921
tcn_72h_finetuned,32.74808781989225,28.675525665283203,-0.5891621112823486
