{
  "catboost_24h_finetuned": {
    "RMSE": 19.01941743149225,
    "MAE": 15.710426220940963,
    "R2": 0.48547845388844824
  },
  "tcn_48h_finetuned": {
    "RMSE": 27.46391786814053,
    "MAE": 24.226152420043945,
    "R2": -0.12143135070800781
  },
  "tcn_72h_finetuned": {
    "RMSE": 28.67966302607237,
    "MAE": 25.47164535522461,
    "R2": -0.20842599868774414
  }
}