Model,RMSE,MAE,R2
catboost_24h_finetuned,24.475197479800542,20.74885312600801,0.3533976613701105
tcn_48h_finetuned,32.660576492706575,29.636878967285156,-0.6772016286849976
tcn_72h_finetuned,33.42566415815941,30.106916427612305,-0.7864073514938354
