{
  "catboost_24h_finetuned": {
    "RMSE": 18.14894303744793,
    "MAE": 14.555042146475605,
    "R2": 0.5273447404927747
  },
  "tcn_48h_finetuned": {
    "RMSE": 28.350305238725497,
    "MAE": 25.338150024414062,
    "R2": -0.17018640041351318
  },
  "tcn_72h_finetuned": {
    "RMSE": 29.783144655432313,
    "MAE": 26.832481384277344,
    "R2": -0.28673529624938965
  }
}