{
  "catboost_24h_finetuned": {
    "RMSE": 24.190771983655793,
    "MAE": 20.5953330784621,
    "R2": 0.34145323907931635
  },
  "tcn_48h_finetuned": {
    "RMSE": 31.204773914243674,
    "MAE": 26.903846740722656,
    "R2": -0.6677565574645996
  },
  "tcn_72h_finetuned": {
    "RMSE": 33.75801409480422,
    "MAE": 29.097564697265625,
    "R2": -0.8206039667129517
  }
}