{
  "catboost_24h_finetuned": {
    "RMSE": 19.948358152159415,
    "MAE": 16.17849785317511,
    "R2": 0.43679350100586645
  },
  "tcn_48h_finetuned": {
    "RMSE": 28.20402850872715,
    "MAE": 24.93242835998535,
    "R2": -0.22547483444213867
  },
  "tcn_72h_finetuned": {
    "RMSE": 30.39898764279875,
    "MAE": 27.23871612548828,
    "R2": -0.3045419454574585
  }
}