{
  "catboost_24h_finetuned": {
    "RMSE": 23.050904440178318,
    "MAE": 19.686089367959735,
    "R2": 0.4286761033513764
  },
  "tcn_48h_finetuned": {
    "RMSE": 34.21952589017617,
    "MAE": 30.268774032592773,
    "R2": -0.9253863096237183
  },
  "tcn_72h_finetuned": {
    "RMSE": 35.984105309996764,
    "MAE": 31.909679412841797,
    "R2": -1.1536543369293213
  }
}