Model,RMSE,MAE,R2
catboost_24h_finetuned,23.050904440178318,19.686089367959735,0.4286761033513764
tcn_48h_finetuned,34.21952589017617,30.268774032592773,-0.9253863096237183
tcn_72h_finetuned,35.984105309996764,31.909679412841797,-1.1536543369293213
