{
  "catboost_24h_finetuned": {
    "RMSE": 19.864983497665524,
    "MAE": 15.947182407278078,
    "R2": 0.4428349318334366
  },
  "tcn_48h_finetuned": {
    "RMSE": 28.19987212889338,
    "MAE": 25.010663986206055,
    "R2": -0.1722177267074585
  },
  "tcn_72h_finetuned": {
    "RMSE": 30.461665843113373,
    "MAE": 26.828746795654297,
    "R2": -0.3698083162307739
  }
}