{
  "catboost_24h_finetuned": {
    "RMSE": 22.17578754031944,
    "MAE": 18.831604033597248,
    "R2": 0.45452449346763024
  },
  "tcn_48h_finetuned": {
    "RMSE": 34.14200869621616,
    "MAE": 30.01576042175293,
    "R2": -0.262994647026062
  },
  "tcn_72h_finetuned": {
    "RMSE": 32.15009393515146,
    "MAE": 28.45162010192871,
    "R2": -0.1508427858352661
  }
}