{
  "catboost_24h_finetuned": {
    "RMSE": 24.475197479800542,
    "MAE": 20.74885312600801,
    "R2": 0.3533976613701105
  },
  "tcn_48h_finetuned": {
    "RMSE": 32.660576492706575,
    "MAE": 29.636878967285156,
    "R2": -0.6772016286849976
  },
  "tcn_72h_finetuned": {
    "RMSE": 33.42566415815941,
    "MAE": 30.106916427612305,
    "R2": -0.7864073514938354
  }
}