fold,24h_true,24h_pred,48h_true,48h_pred,72h_true,72h_pred
10,138.0,104.3651969547363,134.0,88.75347137451172,155.0,92.163330078125
