fold,24h_true,24h_pred,48h_true,48h_pred,72h_true,72h_pred
10,161.0,140.74481503321852,120.0,91.16199493408203,129.0,91.66155242919922
