fold,24h_true,24h_pred,48h_true,48h_pred,72h_true,72h_pred
5,122.0,131.4875837196108,91.0,96.01313018798828,47.0,101.88470458984375
