fold,24h_true,24h_pred,48h_true,48h_pred,72h_true,72h_pred
5,59.0,94.48308279715914,85.0,108.93824768066406,103.0,105.7848892211914
